!Write_std_perc:;;;;
# nodes;64m;1m;64k;8k
1;0.00930;0.00484;0.06109;0.01255
2;0.00372;0.00284;0.03817;0.03377
4;0.00821;0.00921;0.04434;0.18252
8;0.02200;0.00687;0.03908;0.23264
16;0.01400;0.00701;0.04885;0.12165
32;0.00260;0.00996;0.04609;0.22253
64;0.00634;0.00351;0.04445;0.20616
128;0.00541;0.00800;0.00888;0.05585
256;0.00195;0.00592;0.04612;0.01409
512;0.01258;0.00783;0.05441;0.09271