!Write_std_perc:;;;;
# nodes;64m;1m;64k;8k
1;0.01096;0.00734;0.10709;0.02115
2;0.01584;0.01574;0.09627;0.02274
4;0.01279;0.00840;0.10998;0.02258
8;0.01113;0.00908;0.09173;0.01136
16;0.00652;0.06550;0.12659;0.03054
32;0.00319;0.01737;0.10863;0.03942
64;0.00251;0.00657;0.07662;0.02906
128;0.00280;0.00969;0.07722;0.02006
256;0.00622;0.03845;0.12282;0.04085
512;0.00613;0.00551;0.08363;0.01459