Model,Metric,Score
Random Forest,MAE,108312.24087424445
Random Forest,MSE,83079470001.64922
XGBoost,MAE,102657.28125
XGBoost,MSE,100857651200.0
LSTM,MAE,2214014.0
LSTM,MSE,10345793978368.0
Random Forest,MAE,138060.43185493757
Random Forest,MSE,442084087413.13605
XGBoost,MAE,134080.46987429415
XGBoost,MSE,434405127588.8785
LSTM,MAE,2099506.8366937875
LSTM,MSE,10662358530361.373
