{"acc": 0.7606860096582317, "loss": 0.18889367750027153, "_timestamp": 1691157087.825854, "_runtime": 0.5337531566619873, "_step": 7, "_wandb": {"runtime": 0}}